TimeSample,Frequency
4.5351473922902495e-05,516.796875
6.802721088435374e-05,516.796875
